<?xml version="1.0" encoding="UTF-8"?>
<!--
  ~ Copyright 1999-2018 Alibaba Group Holding Ltd.
  ~
  ~ Licensed under the Apache License, Version 2.0 (the "License");
  ~ you may not use this file except in compliance with the License.
  ~ You may obtain a copy of the License at
  ~
  ~      http://www.apache.org/licenses/LICENSE-2.0
  ~
  ~ Unless required by applicable law or agreed to in writing, software
  ~ distributed under the License is distributed on an "AS IS" BASIS,
  ~ WITHOUT WARRANTIES OR CONDITIONS OF ANY KIND, either express or implied.
  ~ See the License for the specific language governing permissions and
  ~ limitations under the License.
  -->

<included>
    <springProperty scope="context" name="logPath" source="nacos.logs.path" defaultValue="${user.home}/nacos/logs"/>
    <property name="LOG_HOME" value="${logPath}"/>
    <appender name="dumpFile"
              class="ch.qos.logback.core.rolling.RollingFileAppender">
        <file>${LOG_HOME}/config-dump.log</file>
        <append>true</append>
        <rollingPolicy class="ch.qos.logback.core.rolling.SizeAndTimeBasedRollingPolicy">
            <fileNamePattern>${LOG_HOME}/config-dump.log.%d{yyyy-MM-dd}.%i</fileNamePattern>
            <maxFileSize>2GB</maxFileSize>
            <maxHistory>15</maxHistory>
            <totalSizeCap>7GB</totalSizeCap>
            <cleanHistoryOnStart>true</cleanHistoryOnStart>
        </rollingPolicy>
        <encoder>
            <Pattern>%date %level %msg%n%n</Pattern>
            <charset>UTF-8</charset>
        </encoder>
    </appender>
    <appender name="pullFile"
              class="ch.qos.logback.core.rolling.RollingFileAppender">
        <file>${LOG_HOME}/config-pull.log</file>
        <append>true</append>
        <rollingPolicy class="ch.qos.logback.core.rolling.SizeAndTimeBasedRollingPolicy">
            <fileNamePattern>${LOG_HOME}/config-pull.log.%d{yyyy-MM-dd}.%i</fileNamePattern>
            <maxFileSize>20MB</maxFileSize>
            <maxHistory>15</maxHistory>
            <totalSizeCap>128MB</totalSizeCap>
            <cleanHistoryOnStart>true</cleanHistoryOnStart>
        </rollingPolicy>
        <encoder>
            <Pattern>%date %level %msg%n%n</Pattern>
            <charset>UTF-8</charset>
        </encoder>
    </appender>
    <appender name="fatalFile"
              class="ch.qos.logback.core.rolling.RollingFileAppender">
        <file>${LOG_HOME}/config-fatal.log</file>
        <append>true</append>
        <rollingPolicy class="ch.qos.logback.core.rolling.SizeAndTimeBasedRollingPolicy">
            <fileNamePattern>${LOG_HOME}/config-fatal.log.%d{yyyy-MM-dd}.%i</fileNamePattern>
            <maxFileSize>20MB</maxFileSize>
            <maxHistory>15</maxHistory>
            <totalSizeCap>128MB</totalSizeCap>
            <cleanHistoryOnStart>true</cleanHistoryOnStart>
        </rollingPolicy>
        <encoder>
            <Pattern>%date %level %msg%n%n</Pattern>
            <charset>UTF-8</charset>
        </encoder>
    </appender>
    <appender name="memoryFile"
              class="ch.qos.logback.core.rolling.RollingFileAppender">
        <file>${LOG_HOME}/config-memory.log</file>
        <append>true</append>
        <rollingPolicy class="ch.qos.logback.core.rolling.SizeAndTimeBasedRollingPolicy">
            <fileNamePattern>${LOG_HOME}/config-memory.log.%d{yyyy-MM-dd}.%i</fileNamePattern>
            <maxFileSize>20MB</maxFileSize>
            <maxHistory>15</maxHistory>
            <totalSizeCap>128MB</totalSizeCap>
            <cleanHistoryOnStart>true</cleanHistoryOnStart>
        </rollingPolicy>
        <encoder>
            <Pattern>%date %level %msg%n%n</Pattern>
            <charset>UTF-8</charset>
        </encoder>
    </appender>
    <appender name="pullCheckFile"
              class="ch.qos.logback.core.rolling.RollingFileAppender">
        <file>${LOG_HOME}/config-pull-check.log</file>
        <append>true</append>
        <rollingPolicy class="ch.qos.logback.core.rolling.SizeAndTimeBasedRollingPolicy">
            <fileNamePattern>${LOG_HOME}/config-pull-check.log.%d{yyyy-MM-dd}.%i</fileNamePattern>
            <maxFileSize>1GB</maxFileSize>
            <maxHistory>15</maxHistory>
            <totalSizeCap>3GB</totalSizeCap>
            <cleanHistoryOnStart>true</cleanHistoryOnStart>
        </rollingPolicy>
        <encoder>
            <Pattern>%msg%n</Pattern>
            <charset>UTF-8</charset>
        </encoder>
    </appender>

    <appender name="aclLog"
              class="ch.qos.logback.core.rolling.RollingFileAppender">
        <file>${LOG_HOME}/config-acl.log</file>
        <append>true</append>
        <rollingPolicy class="ch.qos.logback.core.rolling.SizeAndTimeBasedRollingPolicy">
            <fileNamePattern>${LOG_HOME}/config-acl.log.%d{yyyy-MM-dd}.%i</fileNamePattern>
            <maxFileSize>50MB</maxFileSize>
            <maxHistory>15</maxHistory>
            <totalSizeCap>512MB</totalSizeCap>
            <cleanHistoryOnStart>true</cleanHistoryOnStart>
        </rollingPolicy>
        <encoder>
            <Pattern>%date %level %msg%n%n</Pattern>
            <charset>UTF-8</charset>
        </encoder>
    </appender>

    <appender name="clientLog"
              class="ch.qos.logback.core.rolling.RollingFileAppender">
        <file>${LOG_HOME}/config-client-request.log</file>
        <append>true</append>
        <rollingPolicy class="ch.qos.logback.core.rolling.SizeAndTimeBasedRollingPolicy">
            <fileNamePattern>${LOG_HOME}/config-client-request.log.%d{yyyy-MM-dd}.%i</fileNamePattern>
            <maxFileSize>2GB</maxFileSize>
            <maxHistory>15</maxHistory>
            <totalSizeCap>7GB</totalSizeCap>
            <cleanHistoryOnStart>true</cleanHistoryOnStart>
        </rollingPolicy>
        <encoder>
            <Pattern>%date|%msg%n</Pattern>
            <charset>UTF-8</charset>
        </encoder>
    </appender>

    <appender name="sdkLog"
              class="ch.qos.logback.core.rolling.RollingFileAppender">
        <file>${LOG_HOME}/config-sdk-request.log</file>
        <append>true</append>
        <rollingPolicy class="ch.qos.logback.core.rolling.SizeAndTimeBasedRollingPolicy">
            <fileNamePattern>${LOG_HOME}/config-sdk-request.log.%d{yyyy-MM-dd}.%i</fileNamePattern>
            <maxFileSize>1GB</maxFileSize>
            <maxHistory>15</maxHistory>
            <totalSizeCap>3GB</totalSizeCap>
            <cleanHistoryOnStart>true</cleanHistoryOnStart>
        </rollingPolicy>
        <encoder>
            <Pattern>%date|%msg%n</Pattern>
            <charset>UTF-8</charset>
        </encoder>
    </appender>

    <appender name="traceLog"
              class="ch.qos.logback.core.rolling.RollingFileAppender">
        <file>${LOG_HOME}/config-trace.log</file>
        <append>true</append>
        <rollingPolicy class="ch.qos.logback.core.rolling.SizeAndTimeBasedRollingPolicy">
            <fileNamePattern>${LOG_HOME}/config-trace.log.%d{yyyy-MM-dd}.%i</fileNamePattern>
            <maxFileSize>2GB</maxFileSize>
            <maxHistory>15</maxHistory>
            <totalSizeCap>7GB</totalSizeCap>
            <cleanHistoryOnStart>true</cleanHistoryOnStart>
        </rollingPolicy>
        <encoder>
            <Pattern>%date|%msg%n</Pattern>
            <charset>UTF-8</charset>
        </encoder>
    </appender>

    <appender name="notifyLog"
              class="ch.qos.logback.core.rolling.RollingFileAppender">
        <file>${LOG_HOME}/config-notify.log</file>
        <append>true</append>
        <rollingPolicy class="ch.qos.logback.core.rolling.SizeAndTimeBasedRollingPolicy">
            <fileNamePattern>${LOG_HOME}/config-notify.log.%d{yyyy-MM-dd}.%i</fileNamePattern>
            <maxFileSize>1GB</maxFileSize>
            <maxHistory>15</maxHistory>
            <totalSizeCap>3GB</totalSizeCap>
            <cleanHistoryOnStart>true</cleanHistoryOnStart>
        </rollingPolicy>
        <encoder>
            <Pattern>%date %level %msg%n%n</Pattern>
            <charset>UTF-8</charset>
        </encoder>
    </appender>

    <appender name="appCollectorLog"
              class="ch.qos.logback.core.rolling.RollingFileAppender">
        <file>${LOG_HOME}/config-app.log</file>
        <append>true</append>
        <rollingPolicy class="ch.qos.logback.core.rolling.SizeAndTimeBasedRollingPolicy">
            <fileNamePattern>${LOG_HOME}/config-app.log.%d{yyyy-MM-dd}.%i</fileNamePattern>
            <maxFileSize>20MB</maxFileSize>
            <maxHistory>15</maxHistory>
            <totalSizeCap>128MB</totalSizeCap>
            <cleanHistoryOnStart>true</cleanHistoryOnStart>
        </rollingPolicy>
        <encoder>
            <Pattern>%date %level %msg%n%n</Pattern>
            <charset>UTF-8</charset>
        </encoder>
    </appender>

    <appender name="startLog"
              class="ch.qos.logback.core.rolling.RollingFileAppender">
        <file>${LOG_HOME}/config-server.log</file>
        <append>true</append>
        <rollingPolicy class="ch.qos.logback.core.rolling.SizeAndTimeBasedRollingPolicy">
            <fileNamePattern>${LOG_HOME}/config-server.log.%d{yyyy-MM-dd}.%i</fileNamePattern>
            <maxFileSize>50MB</maxFileSize>
            <maxHistory>15</maxHistory>
            <totalSizeCap>512MB</totalSizeCap>
            <cleanHistoryOnStart>true</cleanHistoryOnStart>
        </rollingPolicy>
        <encoder>
            <Pattern>%date %level %msg%n%n</Pattern>
            <charset>UTF-8</charset>
        </encoder>
    </appender>

    <logger name="com.alibaba.nacos.config.dumpLog" additivity="false">
        <level value="INFO"/>
        <appender-ref ref="dumpFile"/>
    </logger>
    <logger name="com.alibaba.nacos.config.pullLog" additivity="false">
        <level value="INFO"/>
        <appender-ref ref="pullFile"/>
    </logger>
    <logger name="com.alibaba.nacos.config.pullCheckLog" additivity="false">
        <level value="INFO"/>
        <appender-ref ref="pullCheckFile"/>
    </logger>
    <logger name="com.alibaba.nacos.config.fatal" additivity="false">
        <level value="INFO"/>
        <appender-ref ref="fatalFile"/>
    </logger>
    <logger name="com.alibaba.nacos.config.monitorLog" additivity="false">
        <level value="INFO"/>
        <appender-ref ref="memoryFile"/>
    </logger>

    <logger name="com.alibaba.nacos.config.aclLog" additivity="false">
        <level value="INFO"/>
        <appender-ref ref="aclLog"/>
    </logger>

    <logger name="com.alibaba.nacos.config.clientLog" additivity="false">
        <level value="info"/>
        <appender-ref ref="clientLog"/>
    </logger>

    <logger name="com.alibaba.nacos.config.sdkLog" additivity="false">
        <level value="INFO"/>
        <appender-ref ref="sdkLog"/>
    </logger>

    <logger name="com.alibaba.nacos.config.notifyLog" additivity="false">
        <level value="INFO"/>
        <appender-ref ref="notifyLog"/>
    </logger>

    <logger name="com.alibaba.nacos.config.traceLog" additivity="false">
        <level value="info"/>
        <appender-ref ref="traceLog"/>
    </logger>

    <logger name="com.alibaba.nacos.config.appCollectorLog" additivity="false">
        <level value="INFO"/>
        <appender-ref ref="appCollectorLog"/>
    </logger>

    <logger name="com.alibaba.nacos.config.startLog" additivity="false">
        <level value="INFO"/>
        <appender-ref ref="startLog"/>
    </logger>


</included>

